mechanism,avgSuccess,avgDoublePayment,avgWrongLeave,avgElapsedMs,avgTPS,doublePaymentRate,wrongLeaveRate
NO_LOCK,20000.0,19000.0,1775.0,1914.3333333333333,10733.4923,95.0,88.75
SYNCHRONIZED,1000.0,0.0,1775.0,252.33333333333334,4045.5813333333335,0.0,88.75
OPTIMISTIC,1000.0,0.0,1775.0,277.6666666666667,3638.660366666667,0.0,88.75
FILE_LOCK,1000.0,0.0,1775.0,27314.666666666668,36.63136666666667,0.0,88.75
